/*
Post-Deployment Script Template							
--------------------------------------------------------------------------------------
 This file contains SQL statements that will be appended to the build script.		
 Use SQLCMD syntax to include a file in the post-deployment script.			
 Example:      :r .\myfile.sql								
 Use SQLCMD syntax to reference a variable in the post-deployment script.		
 Example:      :setvar TableName MyTable							
               SELECT * FROM [$(TableName)]					
--------------------------------------------------------------------------------------
*/

insert into [dbo].[User] (Fname, MINIT, Lname, DOB, SEX, Email, Phone) values ('Bernette', 'P', 'Berfoot', '6/23/2019', 'F', 'bberfoot0@google.ru', '6138715357');
insert into [dbo].[User] (Fname, MINIT, Lname, DOB, SEX, Email, Phone) values ('Ariadne', 'D', 'Cowden', '4/17/2019', 'F', 'acowden1@edublogs.org', '1755629257');
insert into [dbo].[User] (Fname, MINIT, Lname, DOB, SEX, Email, Phone) values ('Ignaz', 'H', 'Bodman', '1/28/2019', 'M', 'ibodman2@yale.edu', '1787030983');
insert into [dbo].[User] (Fname, MINIT, Lname, DOB, SEX, Email, Phone) values ('Kimbell', 'E', 'Conneely', '11/22/2018', 'M', 'kconneely3@technorati.com', '5614055837');
insert into [dbo].[User] (Fname, MINIT, Lname, DOB, SEX, Email, Phone) values ('Lodovico', 'E', 'Alden', '10/3/2019', 'M', 'lalden4@psu.edu', '8658649078');
insert into [dbo].[User] (Fname, MINIT, Lname, DOB, SEX, Email, Phone) values ('Florance', 'M', 'Fontaine', '5/31/2019', 'F', 'ffontaine5@xinhuanet.com', '7807726180');
insert into [dbo].[User] (Fname, MINIT, Lname, DOB, SEX, Email, Phone) values ('Burk', 'C', 'Breslin', '8/5/2019', 'M', 'bbreslin6@squarespace.com', '6725591196');
insert into [dbo].[User] (Fname, MINIT, Lname, DOB, SEX, Email, Phone) values ('Dieter', 'N', 'Fallanche', '3/31/2019', 'M', 'dfallanche7@acquirethisname.com', '3284374969');
insert into [dbo].[User] (Fname, MINIT, Lname, DOB, SEX, Email, Phone) values ('Carny', 'I', 'Stansbury', '9/17/2019', 'M', 'cstansbury8@cisco.com', '9801890447');
insert into [dbo].[User] (Fname, MINIT, Lname, DOB, SEX, Email, Phone) values ('Marshall', 'Z', 'Beaford', '7/24/2019', 'M', 'mbeaford9@nydailynews.com', '2246520550');
insert into [dbo].[User] (Fname, MINIT, Lname, DOB, SEX, Email, Phone) values ('Adelaide', 'R', 'Fayter', '2/4/2019', 'F', 'afaytera@weather.com', '4818785150');
insert into [dbo].[User] (Fname, MINIT, Lname, DOB, SEX, Email, Phone) values ('Elsie', 'T', 'Skeene', '8/21/2019', 'F', 'eskeeneb@vimeo.com', '3017437869');
insert into [dbo].[User] (Fname, MINIT, Lname, DOB, SEX, Email, Phone) values ('Hastie', 'J', 'Pitrollo', '11/24/2018', 'M', 'hpitrolloc@storify.com', '5023325061');
insert into [dbo].[User] (Fname, MINIT, Lname, DOB, SEX, Email, Phone) values ('Mark', 'Y', 'Gaspard', '8/9/2019', 'M', 'mgaspardd@redcross.org', '1802098277');




insert into [dbo].[BillingAddress] (Street, City, State, Zipcode, UID) values ('Laurel', 'Monroe', 'LA', '70086', 1);
insert into [dbo].[BillingAddress] (Street, City, State, Zipcode, UID) values ('Lindbergh', 'Hartford', 'CT', '19108', 2);
insert into [dbo].[BillingAddress] (Street, City, State, Zipcode, UID) values ('Namekagon', 'Columbia', 'MO', '46268', 3);
insert into [dbo].[BillingAddress] (Street, City, State, Zipcode, UID) values ('Pepper Wood', 'Eugene', 'OR', '06796', 4);
insert into [dbo].[BillingAddress] (Street, City, State, Zipcode, UID) values ('Macpherson', 'Waterbury', 'CT', '05663', 5);
insert into [dbo].[BillingAddress] (Street, City, State, Zipcode, UID) values ('Erie', 'Pueblo', 'CO', '14662', 6);
insert into [dbo].[BillingAddress] (Street, City, State, Zipcode, UID) values ('Becker', 'Brooklyn', 'NY', '31368', 7);
insert into [dbo].[BillingAddress] (Street, City, State, Zipcode, UID) values ('Dryden', 'Phoenix', 'AZ', '80801', 8);
insert into [dbo].[BillingAddress] (Street, City, State, Zipcode, UID) values ('Luster', 'Pocatello', 'ID', '85785', 9);
insert into [dbo].[BillingAddress] (Street, City, State, Zipcode, UID) values ('Schmedeman', 'Shawnee Mission', 'KS', '76932', 10);
insert into [dbo].[BillingAddress] (Street, City, State, Zipcode, UID) values ('Sommers', 'Littleton', 'CO', '77485', 11);
insert into [dbo].[BillingAddress] (Street, City, State, Zipcode, UID) values ('Welch', 'Fairbanks', 'AK', '51221', 12);
insert into [dbo].[BillingAddress] (Street, City, State, Zipcode, UID) values ('Luster', 'Louisville', 'KY', '92283', 13);
insert into [dbo].[BillingAddress] (Street, City, State, Zipcode, UID) values ('Summit', 'Pensacola', 'FL', '42421', 14);




insert into [dbo].[Developer] (SSN, Fname, MINIT, Lname, DOB, SEX, Email, Phone, Balance, AccountNum, RoutingNum) values ('488850327', 'Nikolos', 'U', 'Pecht', '4/23/2019', 'M', 'npecht0@usnews.com', '9106172866', '$2.94', '98307307872109064', '887743343');
insert into [dbo].[Developer] (SSN, Fname, MINIT, Lname, DOB, SEX, Email, Phone, Balance, AccountNum, RoutingNum) values ('296115360', 'Jodie', 'Q', 'Alliband', '9/2/2019', 'F', 'jalliband1@com.com', '4531654115', '$53.34', '06526031237096221', '084767048');
insert into [dbo].[Developer] (SSN, Fname, MINIT, Lname, DOB, SEX, Email, Phone, Balance, AccountNum, RoutingNum) values ('849684506', 'Zabrina', 'R', 'McGenis', '5/4/2019', 'M', 'zmcgenis2@gmpg.org', '2799092568', '$9.59', '63616721703573218', '066674894');
insert into [dbo].[Developer] (SSN, Fname, MINIT, Lname, DOB, SEX, Email, Phone, Balance, AccountNum, RoutingNum) values ('462111092', 'Daffie', 'M', 'Odby', '12/30/2018', 'M', 'dodby3@booking.com', '8471225050', '$109.47', '39222480115567697', '139872301');
insert into [dbo].[Developer] (SSN, Fname, MINIT, Lname, DOB, SEX, Email, Phone, Balance, AccountNum, RoutingNum) values ('390237688', 'Kaia', 'L', 'Maas', '2/28/2019', 'F', 'kmaas4@amazon.co.uk', '4325071292', '$3176.28', '55369513223245489', '388273894');




insert into [dbo].[Application] (Name, Platform, OSVersion, AppVersion, Category, Description, Price, DeveloperSSN) values ('Zathin', 'Android', '10.0', '9.16', 'Social', 'Nullam molestie nibh in lectus. Pellentesque at nulla. Suspendisse potenti. Cras in purus eu magna vulputate luctus.', '$0.00', '488850327');
insert into [dbo].[Application] (Name, Platform, OSVersion, AppVersion, Category, Description, Price, DeveloperSSN) values ('Holdlamis', 'Android', '9.0', '0.15', 'Game', 'Vivamus vestibulum sagittis sapien. Cum sociis natoque penatibus et magnis dis parturient montes, nascetur ridiculus mus. Etiam vel augue. Vestibulum rutrum rutrum neque. Aenean auctor gravida sem. Praesent id massa id nisl venenatis lacinia. Aenean sit amet justo. Morbi ut odio.', '$0.00', '488850327');
insert into [dbo].[Application] (Name, Platform, OSVersion, AppVersion, Category, Description, Price, DeveloperSSN) values ('Matsoft', 'Android', '10.1', '6.7', 'Social', 'In hac habitasse platea dictumst. Etiam faucibus cursus urna. Ut tellus.', '$0.00', '296115360');
insert into [dbo].[Application] (Name, Platform, OSVersion, AppVersion, Category, Description, Price, DeveloperSSN) values ('Flexidy', 'Windows', '8.0', '2.77', 'Integrated attitude-oriented orchestration', 'In hac habitasse platea dictumst. Morbi vestibulum, velit id pretium iaculis, diam erat fermentum justo, nec condimentum neque sapien placerat ante. Nulla justo. Aliquam quis turpis eget elit sodales scelerisque. Mauris sit amet eros. Suspendisse accumsan tortor quis turpis.', '$5.99', '296115360');
insert into [dbo].[Application] (Name, Platform, OSVersion, AppVersion, Category, Description, Price, DeveloperSSN) values ('Bamity', 'Windows', '10.0', '0.77', 'Reduced full-range monitoring', 'In blandit ultrices enim. Lorem ipsum dolor sit amet, consectetuer adipiscing elit. Proin interdum mauris non ligula pellentesque ultrices. Phasellus id sapien in sapien iaculis congue. Vivamus metus arcu, adipiscing molestie, hendrerit at, vulputate vitae, nisl. Aenean lectus.', '$10.00', '296115360');
insert into [dbo].[Application] (Name, Platform, OSVersion, AppVersion, Category, Description, Price, DeveloperSSN) values ('Fixflex', 'iOS', '11.0', '9.56', 'Social', 'Pellentesque eget nunc. Donec quis orci eget orci vehicula condimentum. Curabitur in libero ut massa volutpat convallis. Morbi odio odio, elementum eu, interdum eu, tincidunt in, leo. Maecenas pulvinar lobortis est. Phasellus sit amet erat. Nulla tempus. Vivamus in felis eu sapien cursus vestibulum.', '$0.00', '849684506');
insert into [dbo].[Application] (Name, Platform, OSVersion, AppVersion, Category, Description, Price, DeveloperSSN) values ('Greenlam', 'iOS', '12.0', '6.42', 'Distributed bottom-line hierarchy', 'Nunc purus. Phasellus in felis. Donec semper sapien a libero. Nam dui. Proin leo odio, porttitor id, consequat in, consequat ut, nulla.', '$10.00', '849684506');
insert into [dbo].[Application] (Name, Platform, OSVersion, AppVersion, Category, Description, Price, DeveloperSSN) values ('Stringtough', 'Android', '9.5', '9.92', 'Horizontal context-sensitive analyzer', 'Mauris ullamcorper purus sit amet nulla. Quisque arcu libero, rutrum ac, lobortis vel, dapibus at, diam. Nam tristique tortor eu pede.', '$2.00', '462111092');
insert into [dbo].[Application] (Name, Platform, OSVersion, AppVersion, Category, Description, Price, DeveloperSSN) values ('Y-find', 'Windows', '10.0', '5.3', 'Digitized 5th generation solution', 'Cum sociis natoque penatibus et magnis dis parturient montes, nascetur ridiculus mus. Vivamus vestibulum sagittis sapien. Cum sociis natoque penatibus et magnis dis parturient montes, nascetur ridiculus mus. Etiam vel augue. Vestibulum rutrum rutrum neque. Aenean auctor gravida sem. Praesent id massa id nisl venenatis lacinia. Aenean sit amet justo. Morbi ut odio.', '$5.99', '462111092');
insert into [dbo].[Application] (Name, Platform, OSVersion, AppVersion, Category, Description, Price, DeveloperSSN) values ('Asoka', 'iOS', '12.5', '1.4', 'Decentralized systemic conglomeration', 'Curabitur convallis. Duis consequat dui nec nisi volutpat eleifend. Donec ut dolor.', '$6.30', '390237688');



insert into [dbo].[Downloads] (UID, AppID, TransactionTime, Amount, CardType, CardNum, ExpDate, CICNum, BillingAddress) values (1, 1, '4/18/2019', '$7.87', 'Visa', '2515474617116710941', '3/1/2021', '807', 1);
insert into [dbo].[Downloads] (UID, AppID, TransactionTime, Amount, CardType, CardNum, ExpDate, CICNum, BillingAddress) values (2, 2, '4/28/2019', '$7.38', 'Visa', '2770812089739750735', '3/4/2020', '150', 2);
insert into [dbo].[Downloads] (UID, AppID, TransactionTime, Amount, CardType, CardNum, ExpDate, CICNum, BillingAddress) values (3, 3, '8/24/2019', '$4.17', 'Visa', '7958616060647002766', '5/4/2022', '689', 3);
insert into [dbo].[Downloads] (UID, AppID, TransactionTime, Amount, CardType, CardNum, ExpDate, CICNum, BillingAddress) values (4, 4, '9/2/2019', '$6.17', 'Discover', '9943128519923744731', '7/17/2022', '739', 4);
insert into [dbo].[Downloads] (UID, AppID, TransactionTime, Amount, CardType, CardNum, ExpDate, CICNum, BillingAddress) values (5, 5, '9/18/2019', '$4.49', 'Master Card', '1746089559346297623', '4/8/2021', '184', 5);
insert into [dbo].[Downloads] (UID, AppID, TransactionTime, Amount, CardType, CardNum, ExpDate, CICNum, BillingAddress) values (6, 6, '11/30/2018', '$1.91', 'Master Card', '6488484321992228946', '7/19/2019', '980', 6);
insert into [dbo].[Downloads] (UID, AppID, TransactionTime, Amount, CardType, CardNum, ExpDate, CICNum, BillingAddress) values (7, 7, '9/7/2019', '$5.75', 'Visa', '3034419202431734388', '1/15/2021', '249', 7);
insert into [dbo].[Downloads] (UID, AppID, TransactionTime, Amount, CardType, CardNum, ExpDate, CICNum, BillingAddress) values (8, 8, '6/12/2019', '$5.29', 'Discover', '5652636101167561015', '8/23/2019', '771', 8);
insert into [dbo].[Downloads] (UID, AppID, TransactionTime, Amount, CardType, CardNum, ExpDate, CICNum, BillingAddress) values (9, 9, '1/29/2019', '$5.60', 'Master Card', '7395245902528269263', '7/7/2020', '015', 9);
insert into [dbo].[Downloads] (UID, AppID, TransactionTime, Amount, CardType, CardNum, ExpDate, CICNum, BillingAddress) values (10, 10, '1/4/2019', '$2.58', 'Visa', '4874488544985336155', '4/14/2021', '906', 10);
insert into [dbo].[Downloads] (UID, AppID, TransactionTime, Amount, CardType, CardNum, ExpDate, CICNum, BillingAddress) values (1, 1, '8/19/2019', '$3.84', 'Visa', '6482787935214026503', '10/14/2018', '284', 1);
insert into [dbo].[Downloads] (UID, AppID, TransactionTime, Amount, CardType, CardNum, ExpDate, CICNum, BillingAddress) values (2, 2, '7/16/2019', '$1.32', 'Visa', '1410491665048486445', '8/13/2020', '852', 2);
insert into [dbo].[Downloads] (UID, AppID, TransactionTime, Amount, CardType, CardNum, ExpDate, CICNum, BillingAddress) values (3, 3, '4/8/2019', '$1.55', 'Master Card', '1417507851915302731', '10/23/2018', '746', 3);
insert into [dbo].[Downloads] (UID, AppID, TransactionTime, Amount, CardType, CardNum, ExpDate, CICNum, BillingAddress) values (4, 4, '6/20/2019', '$7.92', 'Discover', '8633917129111245252', '6/21/2020', '089', 4);
insert into [dbo].[Downloads] (UID, AppID, TransactionTime, Amount, CardType, CardNum, ExpDate, CICNum, BillingAddress) values (5, 5, '7/26/2019', '$2.29', 'Visa', '8307601173464957234', '9/8/2022', '813', 5);
insert into [dbo].[Downloads] (UID, AppID, TransactionTime, Amount, CardType, CardNum, ExpDate, CICNum, BillingAddress) values (6, 6, '9/20/2019', '$6.10', 'Visa', '6189937146888150877', '5/16/2020', '475', 6);
insert into [dbo].[Downloads] (UID, AppID, TransactionTime, Amount, CardType, CardNum, ExpDate, CICNum, BillingAddress) values (1, 7, '9/10/2019', '$1.18', 'Visa', '1893431006354646283', '8/28/2021', '135', 1);
insert into [dbo].[Downloads] (UID, AppID, TransactionTime, Amount, CardType, CardNum, ExpDate, CICNum, BillingAddress) values (2, 8, '2/16/2019', '$2.68', 'Visa', '6651272269205436185', '8/28/2021', '927', 2);
insert into [dbo].[Downloads] (UID, AppID, TransactionTime, Amount, CardType, CardNum, ExpDate, CICNum, BillingAddress) values (3, 9, '11/28/2018', '$4.63', 'Visa', '9974594467266209452', '4/9/2020', '399', 3);
insert into [dbo].[Downloads] (UID, AppID, TransactionTime, Amount, CardType, CardNum, ExpDate, CICNum, BillingAddress) values (4, 10, '8/14/2019', '$3.76', 'Master Card', '6788325686095324183', '11/5/2018', '242', 4);




insert into [dbo].[Review] (Details, Rating, ReviewerID, AppID, Comment) values ('In hac habitasse platea dictumst. Maecenas ut massa quis augue luctus tincidunt. Nulla mollis molestie lorem. Quisque ut erat.', 4, 11, 5, 'Sed accumsan felis. Ut at dolor quis odio consequat varius. Integer ac leo. Pellentesque ultrices mattis odio. Donec vitae nisi. Nam ultrices, libero non mattis pulvinar, nulla pede ullamcorper augue, a suscipit nulla elit ac nulla. Sed vel enim sit amet nunc viverra dapibus. Nulla suscipit ligula in lacus.');
insert into [dbo].[Review] (Details, Rating, ReviewerID, AppID, Comment) values ('Maecenas ut massa quis augue luctus tincidunt. Nulla mollis molestie lorem. Quisque ut erat. Curabitur gravida nisi at nibh. In hac habitasse platea dictumst. Aliquam augue quam, sollicitudin vitae, consectetuer eget, rutrum at, lorem. Integer tincidunt ante vel ipsum. Praesent blandit lacinia erat.', 3, 12, 7, 'Duis ac nibh. Fusce lacus purus, aliquet at, feugiat non, pretium quis, lectus. Suspendisse potenti. In eleifend quam a odio. In hac habitasse platea dictumst. Maecenas ut massa quis augue luctus tincidunt. Nulla mollis molestie lorem. Quisque ut erat. Curabitur gravida nisi at nibh. In hac habitasse platea dictumst.');
insert into [dbo].[Review] (Details, Rating, ReviewerID, AppID, Comment) values ('Maecenas tincidunt lacus at velit. Vivamus vel nulla eget eros elementum pellentesque. Quisque porta volutpat erat. Quisque erat eros, viverra eget, congue eget, semper rutrum, nulla. Nunc purus. Phasellus in felis.', 1, 4, 1, 'Suspendisse potenti. Nullam porttitor lacus at turpis. Donec posuere metus vitae ipsum. Aliquam non mauris. Morbi non lectus. Aliquam sit amet diam in magna bibendum imperdiet. Nullam orci pede, venenatis non, sodales sed, tincidunt eu, felis. Fusce posuere felis sed lacus. Morbi sem mauris, laoreet ut, rhoncus aliquet, pulvinar sed, nisl. Nunc rhoncus dui vel sem.');
insert into [dbo].[Review] (Details, Rating, ReviewerID, AppID, Comment) values ('Pellentesque viverra pede ac diam. Cras pellentesque volutpat dui. Maecenas tristique, est et tempus semper, est quam pharetra magna, ac consequat metus sapien ut nunc. Vestibulum ante ipsum primis in faucibus orci luctus et ultrices posuere cubilia Curae; Mauris viverra diam vitae quam.', 3, 6, 4, 'Aliquam erat volutpat. In congue. Etiam justo. Etiam pretium iaculis justo. In hac habitasse platea dictumst. Etiam faucibus cursus urna. Ut tellus.');
insert into [dbo].[Review] (Details, Rating, ReviewerID, AppID, Comment) values ('Pellentesque ultrices mattis odio. Donec vitae nisi.', 2, 4, 4, 'Maecenas pulvinar lobortis est. Phasellus sit amet erat. Nulla tempus. Vivamus in felis eu sapien cursus vestibulum. Proin eu mi. Nulla ac enim. In tempor, turpis nec euismod scelerisque, quam turpis adipiscing lorem, vitae mattis nibh ligula nec sem. Duis aliquam convallis nunc. Proin at turpis a pede posuere nonummy. Integer non velit.');
insert into [dbo].[Review] (Details, Rating, ReviewerID, AppID, Comment) values ('Vivamus vestibulum sagittis sapien. Cum sociis natoque penatibus et magnis dis parturient montes, nascetur ridiculus mus. Etiam vel augue. Vestibulum rutrum rutrum neque. Aenean auctor gravida sem. Praesent id massa id nisl venenatis lacinia. Aenean sit amet justo. Morbi ut odio. Cras mi pede, malesuada in, imperdiet et, commodo vulputate, justo. In blandit ultrices enim.', 5, 6, 5, 'Curabitur convallis. Duis consequat dui nec nisi volutpat eleifend. Donec ut dolor.');
insert into [dbo].[Review] (Details, Rating, ReviewerID, AppID, Comment) values ('Vestibulum quam sapien, varius ut, blandit non, interdum in, ante.', 1, 12, 10, 'Cras non velit nec nisi vulputate nonummy. Maecenas tincidunt lacus at velit. Vivamus vel nulla eget eros elementum pellentesque. Quisque porta volutpat erat.');
insert into [dbo].[Review] (Details, Rating, ReviewerID, AppID, Comment) values ('Morbi vel lectus in quam fringilla rhoncus. Mauris enim leo, rhoncus sed, vestibulum sit amet, cursus id, turpis.', 3, 8, 3, 'Nullam porttitor lacus at turpis. Donec posuere metus vitae ipsum. Aliquam non mauris. Morbi non lectus. Aliquam sit amet diam in magna bibendum imperdiet. Nullam orci pede, venenatis non, sodales sed, tincidunt eu, felis. Fusce posuere felis sed lacus. Morbi sem mauris, laoreet ut, rhoncus aliquet, pulvinar sed, nisl. Nunc rhoncus dui vel sem.');
insert into [dbo].[Review] (Details, Rating, ReviewerID, AppID, Comment) values ('Vivamus tortor. Duis mattis egestas metus. Aenean fermentum. Donec ut mauris eget massa tempor convallis. Nulla neque libero, convallis eget, eleifend luctus, ultricies eu, nibh. Quisque id justo sit amet sapien dignissim vestibulum. Vestibulum ante ipsum primis in faucibus orci luctus et ultrices posuere cubilia Curae; Nulla dapibus dolor vel est. Donec odio justo, sollicitudin ut, suscipit a, feugiat et, eros. Vestibulum ac est lacinia nisi venenatis tristique.', 2, 2, 7, 'Integer ac neque. Duis bibendum. Morbi non quam nec dui luctus rutrum. Nulla tellus. In sagittis dui vel nisl. Duis ac nibh. Fusce lacus purus, aliquet at, feugiat non, pretium quis, lectus. Suspendisse potenti. In eleifend quam a odio. In hac habitasse platea dictumst.');
insert into [dbo].[Review] (Details, Rating, ReviewerID, AppID, Comment) values ('Nam ultrices, libero non mattis pulvinar, nulla pede ullamcorper augue, a suscipit nulla elit ac nulla. Sed vel enim sit amet nunc viverra dapibus.', 4, 6, 7, 'Proin interdum mauris non ligula pellentesque ultrices.');
insert into [dbo].[Review] (Details, Rating, ReviewerID, AppID, Comment) values ('Nunc purus. Phasellus in felis. Donec semper sapien a libero.', 4, 5, 6, 'Quisque porta volutpat erat. Quisque erat eros, viverra eget, congue eget, semper rutrum, nulla. Nunc purus. Phasellus in felis. Donec semper sapien a libero. Nam dui. Proin leo odio, porttitor id, consequat in, consequat ut, nulla. Sed accumsan felis. Ut at dolor quis odio consequat varius. Integer ac leo.');
insert into [dbo].[Review] (Details, Rating, ReviewerID, AppID, Comment) values ('Integer tincidunt ante vel ipsum. Praesent blandit lacinia erat. Vestibulum sed magna at nunc commodo placerat.', 3, 2, 3, 'Ut tellus. Nulla ut erat id mauris vulputate elementum. Nullam varius. Nulla facilisi. Cras non velit nec nisi vulputate nonummy. Maecenas tincidunt lacus at velit. Vivamus vel nulla eget eros elementum pellentesque.');
insert into [dbo].[Review] (Details, Rating, ReviewerID, AppID, Comment) values ('Nam congue, risus semper porta volutpat, quam pede lobortis ligula, sit amet eleifend pede libero quis orci. Nullam molestie nibh in lectus. Pellentesque at nulla. Suspendisse potenti. Cras in purus eu magna vulputate luctus. Cum sociis natoque penatibus et magnis dis parturient montes, nascetur ridiculus mus.', 5, 4, 3, 'Quisque ut erat. Curabitur gravida nisi at nibh.');
insert into [dbo].[Review] (Details, Rating, ReviewerID, AppID, Comment) values ('Praesent blandit. Nam nulla. Integer pede justo, lacinia eget, tincidunt eget, tempus vel, pede. Morbi porttitor lorem id ligula. Suspendisse ornare consequat lectus.', 5, 5, 2, 'Pellentesque at nulla. Suspendisse potenti. Cras in purus eu magna vulputate luctus. Cum sociis natoque penatibus et magnis dis parturient montes, nascetur ridiculus mus. Vivamus vestibulum sagittis sapien. Cum sociis natoque penatibus et magnis dis parturient montes, nascetur ridiculus mus.');
insert into [dbo].[Review] (Details, Rating, ReviewerID, AppID, Comment) values ('Aliquam erat volutpat. In congue.', 3, 5, 10, 'Aliquam erat volutpat. In congue. Etiam justo. Etiam pretium iaculis justo.');
insert into [dbo].[Review] (Details, Rating, ReviewerID, AppID, Comment) values ('Vestibulum ante ipsum primis in faucibus orci luctus et ultrices posuere cubilia Curae; Mauris viverra diam vitae quam. Suspendisse potenti. Nullam porttitor lacus at turpis.', 4, 9, 7, 'Duis ac nibh. Fusce lacus purus, aliquet at, feugiat non, pretium quis, lectus. Suspendisse potenti. In eleifend quam a odio.');
insert into [dbo].[Review] (Details, Rating, ReviewerID, AppID, Comment) values ('Maecenas rhoncus aliquam lacus. Morbi quis tortor id nulla ultrices aliquet. Maecenas leo odio, condimentum id, luctus nec, molestie sed, justo. Pellentesque viverra pede ac diam. Cras pellentesque volutpat dui. Maecenas tristique, est et tempus semper, est quam pharetra magna, ac consequat metus sapien ut nunc.', 4, 1, 1, 'Proin eu mi. Nulla ac enim. In tempor, turpis nec euismod scelerisque, quam turpis adipiscing lorem, vitae mattis nibh ligula nec sem. Duis aliquam convallis nunc. Proin at turpis a pede posuere nonummy. Integer non velit.');
insert into [dbo].[Review] (Details, Rating, ReviewerID, AppID, Comment) values ('Lorem ipsum dolor sit amet, consectetuer adipiscing elit. Proin interdum mauris non ligula pellentesque ultrices. Phasellus id sapien in sapien iaculis congue. Vivamus metus arcu, adipiscing molestie, hendrerit at, vulputate vitae, nisl. Aenean lectus. Pellentesque eget nunc.', 2, 10, 7, 'Lorem ipsum dolor sit amet, consectetuer adipiscing elit. Proin risus.');
insert into [dbo].[Review] (Details, Rating, ReviewerID, AppID, Comment) values ('Donec diam neque, vestibulum eget, vulputate ut, ultrices vel, augue. Vestibulum ante ipsum primis in faucibus orci luctus et ultrices posuere cubilia Curae; Donec pharetra, magna vestibulum aliquet ultrices, erat tortor sollicitudin mi, sit amet lobortis sapien sapien non mi. Integer ac neque. Duis bibendum. Morbi non quam nec dui luctus rutrum. Nulla tellus.', 5, 3, 6, 'Nullam porttitor lacus at turpis. Donec posuere metus vitae ipsum.');
insert into [dbo].[Review] (Details, Rating, ReviewerID, AppID, Comment) values ('In hac habitasse platea dictumst. Morbi vestibulum, velit id pretium iaculis, diam erat fermentum justo, nec condimentum neque sapien placerat ante. Nulla justo. Aliquam quis turpis eget elit sodales scelerisque. Mauris sit amet eros.', 4, 10, 7, 'Morbi porttitor lorem id ligula. Suspendisse ornare consequat lectus. In est risus, auctor sed, tristique in, tempus sit amet, sem. Fusce consequat. Nulla nisl. Nunc nisl. Duis bibendum, felis sed interdum venenatis, turpis enim blandit mi, in porttitor pede justo eu massa. Donec dapibus.');
insert into [dbo].[Review] (Details, Rating, ReviewerID, AppID, Comment) values ('Morbi non lectus. Aliquam sit amet diam in magna bibendum imperdiet. Nullam orci pede, venenatis non, sodales sed, tincidunt eu, felis. Fusce posuere felis sed lacus.', 3, 11, 6, 'Praesent blandit lacinia erat. Vestibulum sed magna at nunc commodo placerat. Praesent blandit. Nam nulla. Integer pede justo, lacinia eget, tincidunt eget, tempus vel, pede. Morbi porttitor lorem id ligula. Suspendisse ornare consequat lectus. In est risus, auctor sed, tristique in, tempus sit amet, sem.');
insert into [dbo].[Review] (Details, Rating, ReviewerID, AppID, Comment) values ('Nam ultrices, libero non mattis pulvinar, nulla pede ullamcorper augue, a suscipit nulla elit ac nulla. Sed vel enim sit amet nunc viverra dapibus.', 5, 14, 4, 'Nulla suscipit ligula in lacus.');
insert into [dbo].[Review] (Details, Rating, ReviewerID, AppID, Comment) values ('Vivamus metus arcu, adipiscing molestie, hendrerit at, vulputate vitae, nisl. Aenean lectus. Pellentesque eget nunc. Donec quis orci eget orci vehicula condimentum. Curabitur in libero ut massa volutpat convallis.', 3, 10, 9, 'Maecenas pulvinar lobortis est. Phasellus sit amet erat. Nulla tempus. Vivamus in felis eu sapien cursus vestibulum. Proin eu mi. Nulla ac enim.');
insert into [dbo].[Review] (Details, Rating, ReviewerID, AppID, Comment) values ('Integer ac neque.', 3, 8, 6, 'In est risus, auctor sed, tristique in, tempus sit amet, sem. Fusce consequat. Nulla nisl. Nunc nisl. Duis bibendum, felis sed interdum venenatis, turpis enim blandit mi, in porttitor pede justo eu massa. Donec dapibus. Duis at velit eu est congue elementum. In hac habitasse platea dictumst. Morbi vestibulum, velit id pretium iaculis, diam erat fermentum justo, nec condimentum neque sapien placerat ante. Nulla justo.');
insert into [dbo].[Review] (Details, Rating, ReviewerID, AppID, Comment) values ('Lorem ipsum dolor sit amet, consectetuer adipiscing elit. Proin interdum mauris non ligula pellentesque ultrices. Phasellus id sapien in sapien iaculis congue. Vivamus metus arcu, adipiscing molestie, hendrerit at, vulputate vitae, nisl. Aenean lectus. Pellentesque eget nunc. Donec quis orci eget orci vehicula condimentum. Curabitur in libero ut massa volutpat convallis. Morbi odio odio, elementum eu, interdum eu, tincidunt in, leo.', 2, 6, 10, 'Donec posuere metus vitae ipsum. Aliquam non mauris. Morbi non lectus. Aliquam sit amet diam in magna bibendum imperdiet. Nullam orci pede, venenatis non, sodales sed, tincidunt eu, felis. Fusce posuere felis sed lacus. Morbi sem mauris, laoreet ut, rhoncus aliquet, pulvinar sed, nisl. Nunc rhoncus dui vel sem.');
insert into [dbo].[Review] (Details, Rating, ReviewerID, AppID, Comment) values ('Maecenas rhoncus aliquam lacus. Morbi quis tortor id nulla ultrices aliquet. Maecenas leo odio, condimentum id, luctus nec, molestie sed, justo. Pellentesque viverra pede ac diam. Cras pellentesque volutpat dui. Maecenas tristique, est et tempus semper, est quam pharetra magna, ac consequat metus sapien ut nunc. Vestibulum ante ipsum primis in faucibus orci luctus et ultrices posuere cubilia Curae; Mauris viverra diam vitae quam. Suspendisse potenti. Nullam porttitor lacus at turpis. Donec posuere metus vitae ipsum.', 5, 4, 5, 'Donec semper sapien a libero. Nam dui. Proin leo odio, porttitor id, consequat in, consequat ut, nulla.');
insert into [dbo].[Review] (Details, Rating, ReviewerID, AppID, Comment) values ('Vestibulum ante ipsum primis in faucibus orci luctus et ultrices posuere cubilia Curae; Mauris viverra diam vitae quam.', 5, 4, 8, 'Etiam vel augue. Vestibulum rutrum rutrum neque. Aenean auctor gravida sem.');
insert into [dbo].[Review] (Details, Rating, ReviewerID, AppID, Comment) values ('Sed sagittis. Nam congue, risus semper porta volutpat, quam pede lobortis ligula, sit amet eleifend pede libero quis orci.', 2, 8, 4, 'Aenean fermentum.');
insert into [dbo].[Review] (Details, Rating, ReviewerID, AppID, Comment) values ('Praesent blandit lacinia erat. Vestibulum sed magna at nunc commodo placerat. Praesent blandit.', 1, 9, 9, 'Maecenas leo odio, condimentum id, luctus nec, molestie sed, justo. Pellentesque viverra pede ac diam. Cras pellentesque volutpat dui. Maecenas tristique, est et tempus semper, est quam pharetra magna, ac consequat metus sapien ut nunc.');
insert into [dbo].[Review] (Details, Rating, ReviewerID, AppID, Comment) values ('Praesent blandit. Nam nulla. Integer pede justo, lacinia eget, tincidunt eget, tempus vel, pede.', 1, 6, 10, 'In hac habitasse platea dictumst.');

